USE bdEmpresasABC;
/*INSERTAR REGISTROS TABLA OFICINAS*/

INSERT INTO Oficinas (codOficina, ciudad, region, objetivo, ventas) VALUES
('11', 'Vitoria', 'Euzkadi', 3500, 3750),
('12', 'San Sebastian', 'Euzkadi', 1500000, 4700),
('13', 'Bilbao', 'Euzkadi',  3500, 3725),
('21', 'Vigo', 'Galicia',  4400, 4650),
('22', 'A Coruña', 'Galicia',  3000, 1500),
('23', 'Ourense', 'Galicia', 3500, 3780),
('24', 'Lugo', 'Galicia', 2500, 3000),
('30', 'Eibar', 'Euzkadi', 6000, 6790),
('26', 'Pamplona', 'Navarra', 5000, 5500),
('31', 'Eibar','Euzkadi', 6500, 7000),
('111', 'Santader', 'Cantabria', 0, 2750),
('112', 'Gijón', 'Asturias', 0, 3700),
('113', 'Oviedo', 'Asturias',  NULL, 2725),
('121', 'Aviles', 'Asturias',  NULL, 3650);

/*INSERTAR REGISTROS TABLA EMPLEADOS*/

INSERT INTO Empleados (codEmpleado,nombre, fecNacimiento, oficina, 
categoria, fecContrato,codJefe, sueldo, comision, 
retencionesIRPF, retencionesSS, objetivo) VALUES
('106', 'García Gómez, Luis Antonio', '1959-03-25', '11', 'Director General', '1989-03-25', NULL, 5600,NULL, 0.12, 0.07, null),																																															
('104', 'Pérez González, Jose', '1957-12-01', '12', 'Director RRHH', '1991-12-01', '106', 4500, null, 0.08, 0.05, null),
('108', 'Bustamante García, Ana', '1960-01-10', '21', 'Director Comercial', '1980-01-10', '106', 3500, 3590, 0.12, 0.07, null),
('112', 'Álvarez Pérez, Luisa', '1973/11/21', '113', 'Director Financiero', '1986-10-20',  '106', 3560, NULL, 0.12, 0.07, null),
('459', 'Jaumes Arrieta, Álvaro', '1987/09/12', '113', 'Gerente', '2005-04-06', '106',  3800, null, 0.13, 0.06, null),
('458', 'Bergara Sanchís, Isabel', '1957/11/12', '113', 'Director', '2000-10-10', '112', 2800,null, 0.08, 0.05, null), 
('101', 'Viguer Ojanguren, Antonio', '1966-10-20', '12', 'Representante', '1986-10-20', '104', 2000, 3100, 0.08, 0.05, 118200),
('102', 'Baqueira Jaumes, Alvaro','1958-12-10', '21', 'Representante', '1986-12-10', '108', 2500, 3900, 0.08, 0.05, 219500),
('103', 'Aguirre Rovira, Juan', '1957-01-01', '12', 'Representante', '1987-01-01', '104', 2850, 2950, 0.08, 0.05, 212000),
('105', 'Guisasola Pantalla, Vicente', '1958-12-02', '13', 'Representante', '1988-12-02', '104',3500, 3600, 0.08, 0.05, 215200),
('107', 'Andonegui Gutierrez, Jorge', '1965-07-01', '22', 'Representante', '1990-07-01', '108', 3000, 1500, 0.08, 0.05, 314800),
('109', 'Basauri Sunta, María', '1979-10-12', '11', 'Representante', '1999-10-12', '106', 3000, 3300, 0.08, 0.05, 215600),
('110', 'Tellería Lejardi, Juan Victor', '1960-01-13', NULL, 'Representante', '1990-01-13', '104', 2800, 2500, 0.08, 0.05, 313560),
('121', 'Sacristán Alvarez, Luisa', '1973-11-21', '12', 'Representante', '1986-10-20', '104', 5000, 3100 , 0.08, 0.05, 214860),
('128', 'Vázquez Lopez, Jose Luis', '1992-09-11', '12', 'Representante', '2020-11-20', '112', 5000, 3100, 0.08, 0.05, 313950),
('151', 'Duro Chinchetru, Miguel', '1966-10-20', NULL, 'Representante', '1986-10-20', '104', 4000, 3100, 0.08, 0.05, 216000),
('152', 'Marcaide Lejardi, Carmen','1958-12-10', NULL, 'Representante', '1986-12-10', '108', 3500, 5900, 0.08, 0.05, 225000),
('153', 'Azpiazu Arrieta, Maria', '1965-01-01', NULL, 'Representante', '1987-01-01', '104', 2850, 4950, 0.08, 0.05, 316000),
('345', 'Viguer García, Antonio', '1966/10/20', '111', 'Administrativo', '1986-05-07', '104', 1800, null, 0.15, 0.8, null),
('456', 'González Bustamante, José', '1957/12/01', '11', 'Administrativo', '2001-06-17', '106',  2100, null, 0.10, 0.06, null),
('349', 'Bustamante Berraondo, Ana', '1965/01/10', '21', 'Representante', '1995-01-03', '108', 1650, 1200, 0.12, 0.07, 217500),
('698', 'Jaumes Serrano, Álvaro', '1958/12/10', '30', 'Administrativo', '1986-12-10',  '104',  1950, null, 0.14, 0.09, null),
('235', 'Sunta García, Almudena', '1957/09/03', '31',  'Administrativo', '1983-09-05',  '104',  1850, null, 0.07, 0.07, null),
('245', 'Sunta Gómez, Maria', '1978/10/12', '121', 'Administrativo', '2000-12-10', '104',  2200, null, 0.14, 0.08, null),
('356', 'Pérez Rodríguez, Antonio', '1964/03/15', '111' , 'Administrativo', '1994-10-15', '106', 2325,  null, 0.10, 0.05, null),
('357', 'Vergara Marcaide, Victoria', '1960/01/13', '21','Administrativo', '1990-01-12', '108', 1960,null, 0.12, 0.10, null),
('358', 'Marcaide Lejardi, Teresa', '1966/01/16', '112', 'Administrativo', '1986-04-07',  '106', 2125, null, 0.09, 0.07, null),
('452', 'Gárate Anitúa, Isabel', '1963/11/12', '121', 'Representante', '1989-05-30',  '108', 2560, 2200, 0.10, 0.06, 318200),
('567', 'Rovira Sacristán, Juan', '1987/07/10', '113', 'Representante', '2020-03-03',  '106', 1960, 2300, 0.11, 0.07, 316200),
('568', 'López Vázquez, José Luis', '1958/10/11', '121', 'Representante', '1996-10-20', '108', 2100, 1500, 0.11, 0.07, 215800),
('569', 'Ormaechea Guisasola, Luis', '1965/12/01', '121', 'Representante', '1992-06-25', '459', 2350, 2100, 0.13, 0.08, 120100),
('678', 'González Ramonet, José', '1957/04/18', '113', 'Representante', '1992-09-02',  '459', 3120, 2700, 0.12, 0.09, 319850),
('679', 'Ojanguren Azpiazu, Elena', '1957/05/12', '121', 'Representante', '1982-06-01', '459', 3100, 2300, 0.08, 0.07, 325200),
('670', 'Chinchetru Sacristán, Miguel', '1966/10/20', '30', 'Representante', '1986-11-20', '459', 2560, 2100, 0.13, 0.06, 322300),
('789', 'Pantalla Vázquez, Vicente', '1982/12/02', '30', 'Administrativo', '2003-07-07', '458', 1960,null, 0.15, 0.10, null),
('780', 'Urizar Mandiola, Ana', '1964/02/15', '30', 'Representante', '1996-12-12',  '459', 1780, 1800, 0.10, 0.09, 221450),
('781', 'Lejardi Aguirre, Carmen', '1962/07/07', '31', 'Representante', '1986-12-10', '459', 2300, 1600, 0.15, 0.08, 219800),
('890', 'Solozábal Zabala, Jorge', '1992/02/15', '31', 'Representante',  '2022-02-13',  '459', 1500, 1400, 0.13, 0.07, 215200),
('891', 'Muiños Vázquez, Luisa', '1958/04/06', '31', 'Administrativo', '1988-02-14',  '458', 2300, null, 0.10, 0.07, null),
('893', 'Arrieta Basauri, María', '1959/01/01', '31', 'Administrativo', '1987-01-02', '458',  1600, null, 0.12, 0.06, null),
('901', 'Gutierrez Pastoriza, Jorge', '1965/07/01', '11', 'Administrativo', '1990-05-23', '458', 1850, null, 0.11, 0.07, null),
('903', 'Rovira Martínez, Juan', '1959/01/05', '111', 'Representante', '1994-08-08',  '459', 2300, 3500, 0.15, 0.09, 314500),
('981', 'Mártinez Salgado, María', '1980/02/24', '30', 'Administrativo', '2005-12-05', '458', 1900, null, 0.10, 0.08, null),
('987', 'Barret Campos, Carlos', '1960/12/18', '111', 'Administrativo', '2003-02-15',  '458', 1600, null, 0.11, 0.07, null);

/*INSERTAR REGISTROS TABLA DIRECTORES*/

INSERT INTO Directores (CodDirector, CodOficina) VALUES ('106', '11'), ('106', '12'), ('106', '13'),
('108', '21'), ('108', '22'), ('108', '23'), ('108', '24'), 
('104', '30'), ('105', '26'), ('105', '31');

/*INSERTAR REGISTROS TABLA CLIENTES*/

INSERT INTO Clientes (CodCliente, Nombre, CodRepresentante, LimiteCredito) VALUES
('2101', 'Luis Garcia Anton', '106', 4000),
('2102', 'Alvaro Rodriguez García', '101', 4000),
('2103', 'Jaime Llorens Bonet', '105', 3000),
('2105', 'Antonio Canales Puerto', '101', 2500),
('2106', 'Juan Suárez Bonilla', '102', 4000),
('2107', 'Julian Lopez Aguirre', '110', 2000),
('2108', 'Julia Antequera Málaga', '109', 3500),
('2109', 'Alberto Juanes Álvarez', '107', 2250),
('2111', 'Cristobal Garcia Puerto', '103', 2250),
('2112', 'Maria Silva Pombo', '103', 3000),
('2113', 'Luisa Maron Porto', '108', 3000),
('2114', 'Cristina Bulini Sanchez', '104', 1800),
('2115', 'Vicente Martinez Perez', '102', 1800),
('2117', 'Carlos Tena González', '101', 2800),
('2118', 'Justo Alvarez Gárate', '106', 2000),
('2119', 'Salomon Bueno Bonay', '108', 4000),
('2120', 'Juan Malo Larrazabal', '109', 2500),
('2121', 'Vicente Rois Santiago', '102', 3000),
('2122', 'Jose Marchante Guisasola', '103', 2500),
('2123', 'José Libros López', '105', 2800),
('2124', 'Juan Bolto Bono', '102', 2250);

/*INSERTAR REGISTROS TABLA PRODUCTOS*/

INSERT INTO Productos (IdFabricante, IdProducto, Descripcion, PrecioCompra, Existencias) VALUES
('aci', '410001', 'NDSI rechargeable Battery Pack 1800 mAh', 4.30, 400),
('aci', '410002', 'NDS Lite Dragon Bateria recargable Litio 1200 mAh',4.99, 300),
('aci', '410003', 'NDSiXL Bateria 1800 mAh', 5.00, 275),
('aci', '410004', 'Wii Cable AV DRAGON', 6.95, 250),
('aci', '410005', 'Mando WII / NGC Vibration Blanco', 7.70, 400),
('aci', '41000x', 'SumVision Cyclone 3,5 Media Player', 43.50, 100),
('aci', '41000y', 'SumVision Cyclone MKV Enclosure Full HD 1080p', 99.00, 200),
('aci', '41000z', 'WD TV Live reproductor Multimedia Full-HD 1080p', 100.00, 50),
('bic', '901239', 'HP21BK(Negro) Cartucho de Tinta Original', 13.90, 225),
('bic', '901240', 'HP350BK(Negro) Cartucho de Tinta Original', 13.90, 125),
('bic', '901241', 'HP27BK(Negro) Cartucho de Tinta Original', 15.50, 300),
('bic', '901242', 'HP22C(Color) Cartucho de Tinta Original', 16.50, 230),
('bic', 'N23899', 'Portátil HP 250', 270, 5),
('bic', 'N23900', 'Portátil 15-sfq2004ns', 485, 3),
('fea', 'N23899', 'Nokia C5-01', 185.00, 180),
('fea', 'N23900', 'Nokia C6-01', 359.00, 100),
('fea', 'N23901', 'Nokia C7-00', 399.00, 280),
('imm', 'V56500', 'DVD-RW Verbatim 4x Caja Jewel Pack 5 uds.', 4.90, 200),
('imm', 'M45654', 'DVD-RW MediaRange (8cm) 2x Cake10', 5.29, 400),
('imm', 'P32345', 'DVD-RW Philips 4x Tarrina 10 uds.', 5.8, 250),
('imm', 'V56501', 'Mini DVD-RW Verbatim 2x Caja Jewel Pack 5 uds.', 5.35, 300),
('imm', 'V56502', 'DVD-RW Verbatim 6x Tarrina 10 uds.', 10.13, 250),
('qsa', 'J45323', 'Hub 7 Puertos USB 2.0 con Alimentacion Externa', 5.99, 280),
('qsa', 'J45678', 'Multi Cargador Coche miniUSB 2A', 6.70, 225),
('qsa', 'J45324', 'Hub 10 Puertos USB Alta velocidad', 10.95, 130),
('qsa', 'X99899', 'Microfono Universal Starvox', 15.95, 230),
('qsa', 'Q87878', 'PHILIPS altavoces portatil USB SPA2210', 19.98, 156),
('qsa', 'V56502', 'Samsung Galaxy Tab A 10.1', 160, 10),
('qsa', 'V56501', 'Lenovo Tab M10 10.1', 85, 12),
('rei', 'G45455', 'Grabador DVD LG GH22NS50 S-ATA Negro(OEM-Bulk)', 29.90, 80),
('rei', 'D35656', 'Duplicadora Acard AR2056 1-7 S-ATA & Torre (Negra)', 246.00, 75),
('rei', 'M98765', 'Intenso MP4 videoplayer 4Gb Video Driver White 2.0', 38.45, 123),
('rei', 'T67678', 'TDT Portatil 3.5 Intenso TV Star', 68.15, 35);

/*INSERTAR REGISTROS TABLA PEDIDOS*/

INSERT INTO Pedidos (CodPedido, FechaPedido, CodCliente, CodRepresentante) VALUES
(1, '2021-01-03','2101', '106'),
(2, '2021-01-03','2102', '101'),
(3, '2021-01-15','2109', '107'),
(4, '2021-01-16','2101', '106'),
(5, '2021-01-20','2111', '106'),
(6, '2021-02-03','2117', '128'),
(7, '2021-02-03','2115', '121'),
(8, '2021-02-03','2109', '106'),
(9, '2021-02-08','2115', '103'),
(10, '2021-02-15','2117', '109'),
(11, '2021-02-15','2101', '106'),
(12, '2021-02-15','2109', '106'),
(13, '2021-02-24','2102', '128'),
(14, '2021-02-24','2124', '121'),
(15, '2021-03-01','2101', '106'),
(16, '2021-03-03','2102', '101'),
(17, '2021-03-15','2109', '107'),
(18, '2021-03-16','2101', '106'),
(19, '2021-03-20','2111', '106'),
(20, '2021-03-23','2117', '128'),
(21, '2021-03-30','2115', '121'),
(22, '2021-04-01','2109', '106'),
(23, '2021-04-08','2115', '103'),
(24, '2021-04-10','2117', '109'),
(25, '2021-04-11','2101', '106'),
(26, '2021-04-13','2109', '106'),
(27, '2021-04-13','2102', '128'),
(28, '2021-04-25','2124', '121'),
(29, '2021-05-01','2101', '106'),
(30, '2021-05-01','2102', '101'),
(31, '2021-05-05','2109', '107'),
(32, '2021-05-06','2117', '109'),
(33, '2021-05-06','2115', '121'),
(34, '2021-05-08','2101', '106'),
(35, '2021-05-10','2111', '106'),
(36, '2021-05-23','2117', '128'),
(37, '2021-05-23','2115', '121'),
(38, '2021-05-25','2109', '106'),
(39, '2021-05-25','2115', '103'),
(40, '2021-06-03','2117', '109'),
(41, '2021-06-05','2101', '106'),
(42, '2021-06-09','2109', '106'),
(43, '2021-06-11','2102', '128'),
(44, '2021-06-13','2124', '121'),
(45, '2021-07-01','2101', '106'),
(46, '2021-07-04','2102', '101'),
(47, '2021-07-07','2109', '107'),
(48, '2021-07-10','2101', '106'),
(49, '2021-07-12','2111', '106'),
(50, '2021-07-15','2117', '128'),
(51, '2021-07-16','2115', '121'),
(52, '2021-07-16','2109', '106'),
(53, '2021-07-18','2115', '109'),
(54, '2021-07-23','2117', '109'),
(55, '2021-07-24','2101', '106'),
(56, '2021-07-30','2109', '106'),
(57, '2021-08-01','2102', '128'),
(58, '2021-08-02','2124', '121'),
(59, '2021-09-02','2101', '106'),
(60, '2021-09-04','2102', '101'),
(61, '2020-09-05','2109', '107'),
(62, '2021-09-06','2101', '106'),
(63, '2021-09-07','2115', '109'),
(64, '2021-09-08','2101', '106'),
(65, '2021-09-10','2111', '106'),
(66, '2021-09-27','2117', '128'),
(67, '2021-09-28','2115', '121'),
(68, '2021-09-29','2109', '106'),
(69, '2021-09-30','2115', '121'),
(70, '2021-10-03','2117', '109'),
(71, '2021-10-05','2101', '106'),
(72, '2021-10-09','2109', '106'),
(73, '2021-10-11','2102', '128'),
(74, '2021-10-13','2124', '121'),
(75, '2021-10-01','2101', '106'),
(76, '2021-11-04','2102', '101'),
(77, '2021-11-07','2109', '107'),
(78, '2020-11-10','2101', '106'),
(79, '2021-11-12','2111', '106'),
(80, '2021-11-15','2117', '128'),
(81, '2021-11-16','2115', '121'),
(82, '2021-11-16','2109', '106'),
(83, '2021-11-18','2115', '121'),
(84, '2021-11-23','2117', '109'),
(85, '2021-12-24','2101', '106'),
(86, '2021-12-30','2109', '106'),
(87, '2021-12-01','2102', '128'),
(88, '2021-12-01','2124', '121'),
(89, '2021-12-02','2111', '106'),
(90, '2021-12-02','2117', '128'),
(91, '2021-12-03','2115', '121'),
(92, '2021-12-04','2109', '106'),
(93, '2021-12-05','2115', '121'),
(94, '2020-12-08','2117', '109'),
(95, '2021-12-10','2101', '106'),
(96, '2021-12-10','2109', '106'),
(97, '2021-12-11','2102', '128'),
(98, '2021-12-12','2124', '121'),
(100, '2022-01-03','2101', '106'),
(102, '2022-01-03','2102', '101'),
(103, '2022-01-15','2109', '107'),
(104, '2022-01-16','2101', '106'),
(105, '2022-01-20','2111', '106'),
(106, '2022-02-03','2117', '128'),
(107, '2022-02-03','2115', '121'),
(108, '2022-02-03','2109', '106'),
(109, '2022-02-08','2115', '103'),
(110, '2022-02-15','2117', '109'),
(111, '2022-02-15','2101', '106'),
(112, '2022-02-15','2109', '106'),
(113, '2022-02-24','2102', '128'),
(114, '2022-02-24','2124', '121'),
(115, '2022-03-01','2101', '106'),
(116, '2022-03-03','2102', '101'),
(117, '2022-03-15','2109', '107'),
(118, '2022-03-16','2101', '106'),
(119, '2022-03-20','2111', '106'),
(120, '2022-03-23','2117', '128'),
(121, '2022-03-30','2115', '121'),
(122, '2022-04-01','2109', '106'),
(123, '2022-04-08','2115', '103'),
(124, '2022-04-10','2117', '109'),
(125, '2022-04-11','2101', '106'),
(126, '2022-04-13','2109', '106'),
(127, '2022-04-13','2102', '128'),
(128, '2022-04-25','2124', '121'),
(129, '2022-05-01','2101', '106'),
(130, '2022-05-01','2102', '101'),
(131, '2022-05-05','2109', '107'),
(132, '2022-05-06','2117', '109'),
(133, '2022-05-06','2115', '121'),
(134, '2022-05-08','2101', '106'),
(135, '2022-05-10','2111', '106'),
(136, '2022-05-23','2117', '128'),
(137, '2022-05-23','2115', '121'),
(138, '2022-05-25','2109', '106'),
(139, '2022-05-25','2115', '103'),
(140, '2022-06-03','2117', '109'),
(141, '2022-06-05','2101', '106'),
(142, '2022-06-09','2109', '106'),
(143, '2022-06-11','2102', '128'),
(144, '2022-06-13','2124', '121'),
(145, '2022-07-01','2101', '106'),
(146, '2022-07-04','2102', '101'),
(147, '2022-07-07','2109', '107'),
(148, '2022-07-10','2101', '106'),
(149, '2022-07-12','2111', '106'),
(150, '2022-07-15','2117', '128'),
(151, '2022-07-16','2115', '121'),
(152, '2022-07-16','2109', '106'),
(153, '2022-07-18','2115', '109'),
(154, '2022-07-23','2117', '109'),
(155, '2022-07-24','2101', '106'),
(156, '2022-07-30','2109', '106'),
(157, '2022-08-01','2102', '128'),
(158, '2022-08-02','2124', '121'),
(159, '2022-09-02','2101', '106'),
(160, '2022-09-04','2102', '101'),
(161, '2022-09-05','2109', '107'),
(162, '2022-09-06','2101', '106'),
(163, '2022-09-07','2115', '109'),
(164, '2022-09-08','2101', '106'),
(165, '2022-09-10','2111', '106'),
(166, '2022-09-27','2117', '128'),
(167, '2022-09-28','2115', '121'),
(168, '2022-09-29','2109', '106'),
(169, '2022-09-30','2115', '121'),
(170, '2022-10-03','2117', '109'),
(171, '2022-10-05','2101', '106'),
(172, '2022-10-09','2109', '106'),
(173, '2022-10-11','2102', '128'),
(174, '2022-10-13','2124', '121'),
(175, '2022-10-01','2101', '106'),
(176, '2022-11-04','2102', '101'),
(177, '2022-11-07','2109', '107'),
(178, '2022-11-10','2101', '106'),
(179, '2022-11-12','2111', '106'),
(180, '2022-11-15','2117', '128'),
(181, '2022-11-16','2115', '121'),
(182, '2022-11-16','2109', '106'),
(183, '2022-11-18','2115', '121'),
(184, '2022-11-23','2117', '109'),
(185, '2022-12-24','2101', '106'),
(186, '2022-12-30','2109', '106'),
(187, '2022-12-01','2102', '128'),
(188, '2022-12-01','2124', '121'),
(189, '2022-12-02','2111', '106'),
(190, '2022-12-02','2117', '128'),
(191, '2022-12-03','2115', '121'),
(192, '2022-12-04','2109', '106'),
(193, '2022-12-05','2115', '121'),
(194, '2022-12-08','2117', '109'),
(195, '2022-12-10','2101', '106'),
(196, '2022-12-10','2109', '106'),
(197, '2022-12-11','2102', '128'),
(198, '2022-12-12','2124', '121'),
(199, '2022-02-03','2115', '121'),
(200, '2021-03-03', '2109', '567'),
(201, '2021-11-20', '2113', '128');

/*INSERTAR REGISTROS TABLA LINEASPEDIDO*/

INSERT INTO LineasPedido (CodPedido, NumLinea, Fabricante, Producto, Cantidad, PrecioVenta) VALUES
(1, 1, 'aci', '410001', 4, 23.00),
(1, 2, 'bic', '901241', 3, 70.00),
(1, 3, 'imm', 'V56502', 4, 23.00),
(1, 4, 'aci', '410002', 6, 105.00),
(2, 1, 'rei', 'D35656', 2, 355.00),
(2, 2, 'qsa', 'J45323', 10, 80.00),
(2, 3, 'fea', 'N23901', 2, 900.00),
(3, 1, 'aci', '410002', 10, 70.00),
(3, 2, 'bic', '901240', 10, 400.00),
(4, 1, 'fea', 'N23899', 2, 425.00),
(4, 2, 'bic', '901241', 5, 250.00),
(4, 3, 'bic', '901242', 6, 325.00),
(5, 1, 'qsa', 'J45323', 10,  72.00),
(6, 1, 'imm', 'V56502', 25, 375.00),
(7, 1, 'rei', 'G45455', 7, 295.00),
(8, 1, 'aci', '410002', 20, 175.00),
(8, 2, 'aci', '410003', 30, 225.00),
(9, 1, 'bic', '901239', 10, 211.00),
(9, 2, 'bic', '901241', 10, 211.00),
(9, 3, 'bic', '901240', 10, 251.00),
(10, 1, 'bic', '901239', 15, 245.00),
(10, 2, 'fea', 'N23900', 2, 211.00),
(10, 3, 'fea', 'N23901', 3, 1500.00),
(10, 4, 'imm', 'V56502', 20, 325.00),
(11, 1, 'qsa', 'J45323', 15, 145.00),
(11, 2, 'qsa', 'J45324', 15, 245.00),
(12, 1, 'rei', 'M98765', 22, 1045.00),
(13, 1, 'rei', 'T67678', 12, 950.00),
(13, 2, 'rei', 'D35656', 6, 1325.00),
(13, 3, 'qsa', 'X99899', 3, 68.00),
(14, 1, 'aci', '410001', 25, 150.00),
(14, 2, 'bic', '901239', 10, 163.00),
(15, 1, 'aci', '410002', 15, 110.00),
(15, 2, 'aci', '410003', 25, 200.00),
(15, 3, 'bic', '901241', 10, 150.00),
(16, 1, 'aci', '410004', 15, 160.00),
(16, 2, 'fea', 'N23901', 6, 2800.00),
(17, 1, 'imm', 'P32345', 7, 80.00),
(17, 2, 'imm', 'M45654', 10, 93.00),
(17, 3, 'imm', 'V56500', 15, 104.00),
(17, 4, 'imm', 'V56501', 9, 130.00),
(17, 5, 'imm', 'V56502', 10, 120.00),
(18, 1, 'imm', 'P32345', 17, 180.00),
(18, 2, 'imm', 'M45654', 10, 193.00),
(18, 3, 'imm', 'V56500', 15, 114.00),
(18, 4, 'imm', 'V56501', 19, 260.00),
(18, 5, 'imm', 'V56502', 20, 250.00),
(19, 1, 'rei', 'D35656', 4, 1500.00),
(19, 2, 'qsa', 'J45323', 24, 288.00),
(19, 3, 'bic', '901242', 3, 120.00),
(20, 1, 'rei', 'G45455', 14, 560.00),
(20, 2, 'qsa', 'J45324', 11, 224.00),
(21, 1, 'rei', 'M98765', 8, 3800.00),
(21, 2, 'fea', 'N23901', 6, 3250.00),
(22, 1, 'qsa', 'J45678', 18, 238.00),
(22, 2, 'bic', '901241', 10, 320.00),
(23, 1, 'aci', '410001', 4, 23.00),
(23, 2, 'bic', '901241', 3, 70.00),
(23, 3, 'imm', 'V56502', 4, 23.00),
(23, 4, 'aci', '410001', 6, 105.00),
(24, 1, 'rei', 'D35656', 2, 355.00),
(24, 2, 'qsa', 'J45323', 10, 80.00),
(24, 3, 'fea', 'N23901', 2, 900.00),
(25, 1, 'aci', '410002', 10, 70.00),
(25, 2, 'bic', '901240', 10, 400.00),
(26, 1, 'fea', 'N23899', 2, 425.00),
(26, 2, 'bic', '901241', 5, 250.00),
(26, 3, 'bic', '901242', 6, 325.00),
(27, 1, 'qsa', 'J45323', 10,  72.00),
(28, 1, 'imm', 'V56502', 25, 375.00),
(29, 1, 'rei', 'G45455', 7, 295.00),
(30, 1, 'aci', '410002', 20, 175.00),
(30, 2, 'aci', '410003', 30, 225.00),
(31, 1, 'bic', '901239', 10, 211.00),
(31, 2, 'bic', '901241', 10, 211.00),
(31, 3, 'bic', '901240', 10, 251.00),
(32, 1, 'bic', '901239', 15, 245.00),
(32, 2, 'fea', 'N23900', 2, 211.00),
(32, 3, 'fea', 'N23901', 3, 1500.00),
(32, 4, 'imm', 'V56502', 20, 325.00),
(33, 1, 'qsa', 'J45323', 15, 145.00),
(33, 2, 'qsa', 'J45324', 15, 245.00),
(34, 1, 'rei', 'M98765', 22, 1045.00),
(35, 1, 'rei', 'T67678', 12, 950.00),
(35, 2, 'rei', 'D35656', 6, 1325.00),
(35, 3, 'qsa', 'X99899', 3, 68.00),
(36, 1, 'aci', '410001', 25, 150.00),
(36, 2, 'bic', '901239', 10, 163.00),
(37, 1, 'aci', '410002', 15, 110.00),
(37, 2, 'aci', '410003', 25, 200.00),
(37, 3, 'bic', '901241', 10, 150.00),
(38, 1, 'aci', '410004', 15, 160.00),
(38, 2, 'fea', 'N23901', 6, 2800.00),
(39, 1, 'imm', 'P32345', 7, 80.00),
(39, 2, 'imm', 'M45654', 10, 93.00),
(39, 3, 'imm', 'V56500', 15, 104.00),
(39, 4, 'imm', 'V56501', 9, 130.00),
(39, 5, 'imm', 'V56502', 10, 120.00),
(40, 1, 'imm', 'P32345', 17, 180.00),
(40, 2, 'imm', 'M45654', 10, 193.00),
(40, 3, 'imm', 'V56500', 15, 114.00),
(40, 4, 'imm', 'V56501', 19, 260.00),
(40, 5, 'imm', 'V56502', 20, 250.00),
(41, 1, 'rei', 'D35656', 4, 1500.00),
(41, 2, 'qsa', 'J45323', 24, 288.00),
(41, 3, 'bic', '901242', 3, 120.00),
(42, 1, 'rei', 'G45455', 14, 560.00),
(42, 2, 'qsa', 'J45324', 11, 224.00),
(43, 1, 'rei', 'M98765', 8, 3800.00),
(43, 2, 'fea', 'N23901', 6, 3250.00),
(44, 1, 'qsa', 'J45678', 18, 238.00),
(44, 2, 'bic', '901241', 10, 320.00),
(45, 1, 'aci', '410001', 4, 23.00),
(45, 2, 'bic', '901241', 3, 70.00),
(45, 3, 'imm', 'V56502', 4, 23.00),
(45, 4, 'aci', '410001', 6, 105.00),
(46, 1, 'rei', 'D35656', 2, 355.00),
(47, 2, 'qsa', 'J45323', 10, 80.00),
(47, 3, 'fea', 'N23901', 2, 900.00),
(48, 1, 'aci', '410002', 10, 70.00),
(48, 2, 'bic', '901240', 10, 400.00),
(49, 1, 'fea', 'N23899', 2, 425.00),
(49, 2, 'bic', '901241', 5, 250.00),
(49, 3, 'bic', '901242', 6, 325.00),
(50, 1, 'qsa', 'J45323', 10,  72.00),
(51, 1, 'imm', 'V56502', 25, 375.00),
(51, 2, 'aci', '410001', 25, 150.00),
(51, 3, 'bic', '901239', 10, 163.00),
(52, 1, 'rei', 'G45455', 7, 295.00),
(53, 1, 'aci', '410002', 20, 175.00),
(53, 2, 'aci', '410003', 30, 225.00),
(54, 1, 'bic', '901239', 10, 211.00),
(54, 2, 'bic', '901241', 10, 211.00),
(54, 3, 'bic', '901240', 10, 251.00),
(55, 1, 'bic', '901239', 15, 245.00),
(55, 2, 'fea', 'N23900', 2, 211.00),
(55, 3, 'fea', 'N23901', 3, 1500.00),
(55, 4, 'imm', 'V56502', 20, 325.00),
(56, 1, 'qsa', 'J45323', 15, 145.00),
(56, 2, 'qsa', 'J45324', 15, 245.00),
(57, 1, 'rei', 'M98765', 22, 1045.00),
(58, 1, 'rei', 'T67678', 12, 950.00),
(58, 2, 'rei', 'D35656', 6, 1325.00),
(58, 3, 'qsa', 'X99899', 3, 68.00),
(59, 1, 'aci', '410001', 25, 150.00),
(59, 2, 'bic', '901239', 10, 163.00),
(60, 1, 'aci', '410002', 15, 110.00),
(60, 2, 'aci', '410003', 25, 200.00),
(60, 3, 'bic', '901241', 10, 150.00),
(61, 1, 'aci', '410004', 15, 160.00),
(61, 2, 'fea', 'N23901', 6, 2800.00),
(62, 1, 'imm', 'P32345', 7, 80.00),
(62, 2, 'imm', 'M45654', 10, 93.00),
(63, 3, 'imm', 'V56500', 15, 104.00),
(63, 4, 'imm', 'V56501', 9, 130.00),
(63, 5, 'imm', 'V56502', 10, 120.00),
(64, 1, 'imm', 'P32345', 17, 180.00),
(64, 2, 'imm', 'M45654', 10, 193.00),
(64, 3, 'imm', 'V56500', 15, 114.00),
(64, 4, 'imm', 'V56501', 19, 260.00),
(64, 5, 'imm', 'V56502', 20, 250.00),
(65, 1, 'rei', 'D35656', 4, 1500.00),
(65, 2, 'qsa', 'J45323', 24, 288.00),
(65, 3, 'bic', '901242', 3, 120.00),
(66, 1, 'rei', 'G45455', 14, 560.00),
(66, 2, 'qsa', 'J45324', 11, 224.00),
(67, 1, 'rei', 'M98765', 8, 3800.00),
(67, 2, 'fea', 'N23901', 6, 3250.00),
(67, 3, 'rei', 'T67678', 12, 950.00),
(67, 4, 'rei', 'D35656', 6, 1325.00),
(67, 5, 'qsa', 'X99899', 3, 68.00),
(68, 1, 'qsa', 'J45678', 18, 238.00),
(68, 2, 'bic', '901241', 10, 320.00),
(69, 1, 'aci', '410001', 4, 23.00),
(69, 2, 'bic', '901241', 3, 70.00),
(69, 3, 'imm', 'V56502', 4, 23.00),
(69, 4, 'aci', '410001', 6, 105.00),
(70, 1, 'rei', 'D35656', 2, 355.00),
(70, 2, 'qsa', 'J45323', 10, 80.00),
(70, 3, 'fea', 'N23901', 2, 900.00),
(71, 1, 'aci', '410002', 10, 70.00),
(71, 2, 'bic', '901240', 10, 400.00),
(72, 1, 'fea', 'N23899', 2, 425.00),
(72, 2, 'bic', '901241', 5, 250.00),
(72, 3, 'bic', '901242', 6, 325.00),
(73, 1, 'qsa', 'J45323', 10,  72.00),
(74, 1, 'imm', 'V56502', 25, 375.00),
(75, 1, 'rei', 'G45455', 7, 295.00),
(76, 1, 'aci', '410002', 20, 175.00),
(76, 2, 'aci', '410003', 30, 225.00),
(76, 3, 'rei', 'T67678', 12, 950.00),
(77, 1, 'bic', '901239', 10, 211.00),
(77, 2, 'bic', '901241', 10, 211.00),
(77, 3, 'bic', '901240', 10, 251.00),
(78, 1, 'bic', '901239', 15, 245.00),
(78, 2, 'fea', 'N23900', 2, 211.00),
(78, 3, 'fea', 'N23901', 3, 1500.00),
(78, 4, 'imm', 'V56502', 20, 325.00),
(79, 1, 'qsa', 'J45323', 15, 145.00),
(79, 2, 'qsa', 'J45324', 15, 245.00),
(80, 1, 'rei', 'M98765', 22, 1045.00),
(81, 1, 'rei', 'T67678', 12, 950.00),
(81, 2, 'rei', 'D35656', 6, 1325.00),
(81, 3, 'qsa', 'X99899', 3, 68.00),
(82, 1, 'aci', '410001', 25, 150.00),
(82, 2, 'bic', '901239', 10, 163.00),
(83, 1, 'aci', '410002', 15, 110.00),
(83, 2, 'aci', '410003', 25, 200.00),
(83, 3, 'bic', '901241', 10, 150.00),
(84, 1, 'aci', '410004', 15, 160.00),
(84, 2, 'fea', 'N23901', 6, 2800.00),
(85, 1, 'imm', 'P32345', 7, 80.00),
(86, 2, 'imm', 'M45654', 10, 93.00),
(86, 3, 'imm', 'V56500', 15, 104.00),
(86, 4, 'imm', 'V56501', 9, 130.00),
(86, 5, 'imm', 'V56502', 10, 120.00),
(87, 1, 'imm', 'P32345', 17, 180.00),
(87, 2, 'imm', 'M45654', 10, 193.00),
(87, 3, 'imm', 'V56500', 15, 114.00),
(87, 4, 'imm', 'V56501', 19, 260.00),
(87, 5, 'imm', 'V56502', 20, 250.00),
(88, 1, 'rei', 'D35656', 4, 1500.00),
(88, 2, 'qsa', 'J45323', 24, 288.00),
(88, 3, 'bic', '901242', 3, 120.00),
(89, 1, 'rei', 'G45455', 14, 560.00),
(89, 2, 'qsa', 'J45324', 11, 224.00),
(90, 1, 'rei', 'M98765', 8, 3800.00),
(90, 2, 'fea', 'N23901', 6, 3250.00),
(91, 1, 'qsa', 'J45678', 18, 238.00),
(91, 2, 'bic', '901241', 10, 320.00),
(92, 1, 'fea', 'N23899', 2, 425.00),
(92, 2, 'bic', '901241', 5, 250.00),
(92, 3, 'bic', '901242', 6, 325.00),
(93, 1, 'qsa', 'J45323', 10,  72.00),
(94, 1, 'imm', 'V56502', 25, 375.00),
(95, 1, 'rei', 'G45455', 7, 295.00),
(96, 1, 'aci', '410002', 20, 175.00),
(96, 2, 'aci', '410003', 30, 225.00),
(97, 1, 'bic', '901239', 10, 211.00),
(97, 2, 'bic', '901241', 10, 211.00),
(97, 3, 'bic', '901240', 10, 251.00),
(98, 1, 'bic', '901239', 15, 245.00),
(98, 2, 'fea', 'N23900', 2, 211.00),
(98, 3, 'fea', 'N23901', 3, 1500.00),
(98, 4, 'imm', 'V56502', 20, 325.00),
(98, 5, 'qsa', 'J45323', 15, 145.00),
(98, 6, 'qsa', 'J45324', 15, 245.00),
(98, 7, 'rei', 'M98765', 22, 1045.00),
(100, 1, 'aci', '410001', 4, 23.00),
(100, 2, 'bic', '901241', 3, 70.00),
(100, 3, 'imm', 'V56502', 4, 23.00),
(100, 4, 'aci', '410001', 6, 105.00),
(102, 1, 'rei', 'D35656', 2, 355.00),
(102, 2, 'qsa', 'J45323', 10, 80.00),
(102, 3, 'fea', 'N23901', 2, 900.00),
(103, 1, 'aci', '410002', 10, 70.00),
(103, 2, 'bic', '901240', 10, 400.00),
(104, 1, 'fea', 'N23899', 2, 425.00),
(104, 2, 'bic', '901241', 5, 250.00),
(104, 3, 'bic', '901242', 6, 325.00),
(105, 1, 'qsa', 'J45323', 10,  72.00),
(106, 1, 'imm', 'V56502', 25, 375.00),
(107, 1, 'rei', 'G45455', 7, 295.00),
(108, 1, 'aci', '410002', 20, 175.00),
(108, 2, 'aci', '410003', 30, 225.00),
(109, 1, 'bic', '901239', 10, 211.00),
(109, 2, 'bic', '901241', 10, 211.00),
(109, 3, 'bic', '901240', 10, 251.00),
(110, 1, 'bic', '901239', 15, 245.00),
(110, 2, 'fea', 'N23900', 2, 211.00),
(110, 3, 'fea', 'N23901', 3, 1500.00),
(110, 4, 'imm', 'V56502', 20, 325.00),
(111, 1, 'qsa', 'J45323', 15, 145.00),
(111, 2, 'qsa', 'J45324', 15, 245.00),
(112, 1, 'rei', 'M98765', 22, 1045.00),
(113, 1, 'rei', 'T67678', 12, 950.00),
(113, 2, 'rei', 'D35656', 6, 1325.00),
(113, 3, 'qsa', 'X99899', 3, 68.00),
(114, 1, 'aci', '410001', 25, 150.00),
(114, 2, 'bic', '901239', 10, 163.00),
(115, 1, 'aci', '410002', 15, 110.00),
(115, 2, 'aci', '410003', 25, 200.00),
(115, 3, 'bic', '901241', 10, 150.00),
(116, 1, 'aci', '410004', 15, 160.00),
(116, 2, 'fea', 'N23901', 6, 2800.00),
(117, 1, 'imm', 'P32345', 7, 80.00),
(117, 2, 'imm', 'M45654', 10, 93.00),
(117, 3, 'imm', 'V56500', 15, 104.00),
(117, 4, 'imm', 'V56501', 9, 130.00),
(117, 5, 'imm', 'V56502', 10, 120.00),
(118, 1, 'imm', 'P32345', 17, 180.00),
(118, 2, 'imm', 'M45654', 10, 193.00),
(118, 3, 'imm', 'V56500', 15, 114.00),
(118, 4, 'imm', 'V56501', 19, 260.00),
(118, 5, 'imm', 'V56502', 20, 250.00),
(119, 1, 'rei', 'D35656', 4, 1500.00),
(119, 2, 'qsa', 'J45323', 24, 288.00),
(119, 3, 'bic', '901242', 3, 120.00),
(120, 1, 'rei', 'G45455', 14, 560.00),
(120, 2, 'qsa', 'J45324', 11, 224.00),
(121, 1, 'rei', 'M98765', 8, 3800.00),
(121, 2, 'fea', 'N23901', 6, 3250.00),
(122, 1, 'qsa', 'J45678', 18, 238.00),
(122, 2, 'bic', '901241', 10, 320.00),
(123, 1, 'aci', '410001', 4, 23.00),
(123, 2, 'bic', '901241', 3, 70.00),
(123, 3, 'imm', 'V56502', 4, 23.00),
(123, 4, 'aci', '410001', 6, 105.00),
(124, 1, 'rei', 'D35656', 2, 355.00),
(124, 2, 'qsa', 'J45323', 10, 80.00),
(124, 3, 'fea', 'N23901', 2, 900.00),
(125, 1, 'aci', '410002', 10, 70.00),
(125, 2, 'bic', '901240', 10, 400.00),
(126, 1, 'fea', 'N23899', 2, 425.00),
(126, 2, 'bic', '901241', 5, 250.00),
(126, 3, 'bic', '901242', 6, 325.00),
(127, 1, 'qsa', 'J45323', 10,  72.00),
(128, 1, 'imm', 'V56502', 25, 375.00),
(129, 1, 'rei', 'G45455', 7, 295.00),
(130, 1, 'aci', '410002', 20, 175.00),
(130, 2, 'aci', '410003', 30, 225.00),
(131, 1, 'bic', '901239', 10, 211.00),
(131, 2, 'bic', '901241', 10, 211.00),
(131, 3, 'bic', '901240', 10, 251.00),
(132, 1, 'bic', '901239', 15, 245.00),
(132, 2, 'fea', 'N23900', 2, 211.00),
(132, 3, 'fea', 'N23901', 3, 1500.00),
(132, 4, 'imm', 'V56502', 20, 325.00),
(133, 1, 'qsa', 'J45323', 15, 145.00),
(133, 2, 'qsa', 'J45324', 15, 245.00),
(134, 1, 'rei', 'M98765', 22, 1045.00),
(135, 1, 'rei', 'T67678', 12, 950.00),
(135, 2, 'rei', 'D35656', 6, 1325.00),
(135, 3, 'qsa', 'X99899', 3, 68.00),
(136, 1, 'aci', '410001', 25, 150.00),
(136, 2, 'bic', '901239', 10, 163.00),
(137, 1, 'aci', '410002', 15, 110.00),
(137, 2, 'aci', '410003', 25, 200.00),
(137, 3, 'bic', '901241', 10, 150.00),
(138, 1, 'aci', '410004', 15, 160.00),
(138, 2, 'fea', 'N23901', 6, 2800.00),
(139, 1, 'imm', 'P32345', 7, 80.00),
(139, 2, 'imm', 'M45654', 10, 93.00),
(139, 3, 'imm', 'V56500', 15, 104.00),
(139, 4, 'imm', 'V56501', 9, 130.00),
(139, 5, 'imm', 'V56502', 10, 120.00),
(140, 1, 'imm', 'P32345', 17, 180.00),
(140, 2, 'imm', 'M45654', 10, 193.00),
(140, 3, 'imm', 'V56500', 15, 114.00),
(140, 4, 'imm', 'V56501', 19, 260.00),
(140, 5, 'imm', 'V56502', 20, 250.00),
(141, 1, 'rei', 'D35656', 4, 1500.00),
(141, 2, 'qsa', 'J45323', 24, 288.00),
(141, 3, 'bic', '901242', 3, 120.00),
(142, 1, 'rei', 'G45455', 14, 560.00),
(142, 2, 'qsa', 'J45324', 11, 224.00),
(143, 1, 'rei', 'M98765', 8, 3800.00),
(143, 2, 'fea', 'N23901', 6, 3250.00),
(144, 1, 'qsa', 'J45678', 18, 238.00),
(144, 2, 'bic', '901241', 10, 320.00),
(145, 1, 'aci', '410001', 4, 23.00),
(145, 2, 'bic', '901241', 3, 70.00),
(145, 3, 'imm', 'V56502', 4, 23.00),
(145, 4, 'aci', '410001', 6, 105.00),
(146, 1, 'rei', 'D35656', 2, 355.00),
(147, 2, 'qsa', 'J45323', 10, 80.00),
(147, 3, 'fea', 'N23901', 2, 900.00),
(148, 1, 'aci', '410002', 10, 70.00),
(148, 2, 'bic', '901240', 10, 400.00),
(149, 1, 'fea', 'N23899', 2, 425.00),
(149, 2, 'bic', '901241', 5, 250.00),
(149, 3, 'bic', '901242', 6, 325.00),
(150, 1, 'qsa', 'J45323', 10,  72.00),
(151, 1, 'imm', 'V56502', 25, 375.00),
(151, 2, 'aci', '410001', 25, 150.00),
(151, 3, 'bic', '901239', 10, 163.00),
(152, 1, 'rei', 'G45455', 7, 295.00),
(153, 1, 'aci', '410002', 20, 175.00),
(153, 2, 'aci', '410003', 30, 225.00),
(154, 1, 'bic', '901239', 10, 211.00),
(154, 2, 'bic', '901241', 10, 211.00),
(154, 3, 'bic', '901240', 10, 251.00),
(155, 1, 'bic', '901239', 15, 245.00),
(155, 2, 'fea', 'N23900', 2, 211.00),
(155, 3, 'fea', 'N23901', 3, 1500.00),
(155, 4, 'imm', 'V56502', 20, 325.00),
(156, 1, 'qsa', 'J45323', 15, 145.00),
(156, 2, 'qsa', 'J45324', 15, 245.00),
(157, 1, 'rei', 'M98765', 22, 1045.00),
(158, 1, 'rei', 'T67678', 12, 950.00),
(158, 2, 'rei', 'D35656', 6, 1325.00),
(158, 3, 'qsa', 'X99899', 3, 68.00),
(159, 1, 'aci', '410001', 25, 150.00),
(159, 2, 'bic', '901239', 10, 163.00),
(160, 1, 'aci', '410002', 15, 110.00),
(160, 2, 'aci', '410003', 25, 200.00),
(160, 3, 'bic', '901241', 10, 150.00),
(161, 1, 'aci', '410004', 15, 160.00),
(161, 2, 'fea', 'N23901', 6, 2800.00),
(162, 1, 'imm', 'P32345', 7, 80.00),
(162, 2, 'imm', 'M45654', 10, 93.00),
(163, 3, 'imm', 'V56500', 15, 104.00),
(163, 4, 'imm', 'V56501', 9, 130.00),
(163, 5, 'imm', 'V56502', 10, 120.00),
(164, 1, 'imm', 'P32345', 17, 180.00),
(164, 2, 'imm', 'M45654', 10, 193.00),
(164, 3, 'imm', 'V56500', 15, 114.00),
(164, 4, 'imm', 'V56501', 19, 260.00),
(164, 5, 'imm', 'V56502', 20, 250.00),
(165, 1, 'rei', 'D35656', 4, 1500.00),
(165, 2, 'qsa', 'J45323', 24, 288.00),
(165, 3, 'bic', '901242', 3, 120.00),
(166, 1, 'rei', 'G45455', 14, 560.00),
(166, 2, 'qsa', 'J45324', 11, 224.00),
(167, 1, 'rei', 'M98765', 8, 3800.00),
(167, 2, 'fea', 'N23901', 6, 3250.00),
(167, 3, 'rei', 'T67678', 12, 950.00),
(167, 4, 'rei', 'D35656', 6, 1325.00),
(167, 5, 'qsa', 'X99899', 3, 68.00),
(168, 1, 'qsa', 'J45678', 18, 238.00),
(168, 2, 'bic', '901241', 10, 320.00),
(169, 1, 'aci', '410001', 4, 23.00),
(169, 2, 'bic', '901241', 3, 70.00),
(169, 3, 'imm', 'V56502', 4, 23.00),
(169, 4, 'aci', '410001', 6, 105.00),
(170, 1, 'rei', 'D35656', 2, 355.00),
(170, 2, 'qsa', 'J45323', 10, 80.00),
(170, 3, 'fea', 'N23901', 2, 900.00),
(171, 1, 'aci', '410002', 10, 70.00),
(171, 2, 'bic', '901240', 10, 400.00),
(172, 1, 'fea', 'N23899', 2, 425.00),
(172, 2, 'bic', '901241', 5, 250.00),
(172, 3, 'bic', '901242', 6, 325.00),
(173, 1, 'qsa', 'J45323', 10,  72.00),
(174, 1, 'imm', 'V56502', 25, 375.00),
(175, 1, 'rei', 'G45455', 7, 295.00),
(176, 1, 'aci', '410002', 20, 175.00),
(176, 2, 'aci', '410003', 30, 225.00),
(176, 3, 'rei', 'T67678', 12, 950.00),
(177, 1, 'bic', '901239', 10, 211.00),
(177, 2, 'bic', '901241', 10, 211.00),
(177, 3, 'bic', '901240', 10, 251.00),
(178, 1, 'bic', '901239', 15, 245.00),
(178, 2, 'fea', 'N23900', 2, 211.00),
(178, 3, 'fea', 'N23901', 3, 1500.00),
(178, 4, 'imm', 'V56502', 20, 325.00),
(179, 1, 'qsa', 'J45323', 15, 145.00),
(179, 2, 'qsa', 'J45324', 15, 245.00),
(180, 1, 'rei', 'M98765', 22, 1045.00),
(181, 1, 'rei', 'T67678', 12, 950.00),
(181, 2, 'rei', 'D35656', 6, 1325.00),
(181, 3, 'qsa', 'X99899', 3, 68.00),
(182, 1, 'aci', '410001', 25, 150.00),
(182, 2, 'bic', '901239', 10, 163.00),
(183, 1, 'aci', '410002', 15, 110.00),
(183, 2, 'aci', '410003', 25, 200.00),
(183, 3, 'bic', '901241', 10, 150.00),
(184, 1, 'aci', '410004', 15, 160.00),
(184, 2, 'fea', 'N23901', 6, 2800.00),
(185, 1, 'imm', 'P32345', 7, 80.00),
(186, 2, 'imm', 'M45654', 10, 93.00),
(186, 3, 'imm', 'V56500', 15, 104.00),
(186, 4, 'imm', 'V56501', 9, 130.00),
(186, 5, 'imm', 'V56502', 10, 120.00),
(187, 1, 'imm', 'P32345', 17, 180.00),
(187, 2, 'imm', 'M45654', 10, 193.00),
(187, 3, 'imm', 'V56500', 15, 114.00),
(187, 4, 'imm', 'V56501', 19, 260.00),
(187, 5, 'imm', 'V56502', 20, 250.00),
(188, 1, 'rei', 'D35656', 4, 1500.00),
(188, 2, 'qsa', 'J45323', 24, 288.00),
(188, 3, 'bic', '901242', 3, 120.00),
(189, 1, 'rei', 'G45455', 14, 560.00),
(189, 2, 'qsa', 'J45324', 11, 224.00),
(190, 1, 'rei', 'M98765', 8, 3800.00),
(190, 2, 'fea', 'N23901', 6, 3250.00),
(191, 1, 'qsa', 'J45678', 18, 238.00),
(191, 2, 'bic', '901241', 10, 320.00),
(192, 1, 'fea', 'N23899', 2, 425.00),
(192, 2, 'bic', '901241', 5, 250.00),
(192, 3, 'bic', '901242', 6, 325.00),
(193, 1, 'qsa', 'J45323', 10,  72.00),
(194, 1, 'imm', 'V56502', 25, 375.00),
(195, 1, 'rei', 'G45455', 7, 295.00),
(196, 1, 'aci', '410002', 20, 175.00),
(196, 2, 'aci', '410003', 30, 225.00),
(197, 1, 'bic', '901239', 10, 211.00),
(197, 2, 'bic', '901241', 10, 211.00),
(197, 3, 'bic', '901240', 10, 251.00),
(198, 1, 'bic', '901239', 15, 245.00),
(198, 2, 'fea', 'N23900', 2, 211.00),
(198, 3, 'fea', 'N23901', 3, 1500.00),
(198, 4, 'imm', 'V56502', 20, 325.00),
(198, 5, 'qsa', 'J45323', 15, 145.00),
(198, 6, 'qsa', 'J45324', 15, 245.00),
(198, 7, 'rei', 'M98765', 22, 1045.00),
(199, 1, 'aci', '410002', 20, 175.00),
(199, 2, 'aci', '410003', 30, 225.00),
(200, 1, 'bic', 'N23899', 15, 489.00),
(200, 2, 'bic', 'N23900', 20, 675.00),
(200, 3, 'qsa', 'V56502',  8, 510.00),
(200, 4, 'qsa', 'V56501', 6, 150.00),
(201, 1, 'bic', 'N23899', 20, 470.00),
(201, 2, 'bic', 'N23900', 25, 660.00),
(201, 3, 'qsa', 'V56502', 18, 490.00),
(201, 4, 'qsa', 'V56501', 16, 140.00);

